Month,Year,OIL_COMPANIES,Quantity,last_updated
July,2022,"BPCL-KOCHI, KERALA",1423.65,24-06-2023
July,2022,HPCL-TOTAL,2669.81,24-06-2023
August,2022,"IOCL-KOYALI, GUJARAT",1277.89,24-06-2023
August,2022,"IOCL-HALDIA, WEST BENGAL",708.57,24-06-2023
August,2022,"IOCL-GUWAHATI,ASSAM",91.19,24-06-2023
August,2022,"IOCL-BONGAIGAON,ASSAM",248.88,24-06-2023
August,2022,"NRL-NUMALIGARH, ASSAM",264.33,24-06-2023
August,2022,"HMEL-GGSR, BATHINDA, PUNJAB",1019.7,24-06-2023
August,2022,HPCL-TOTAL,2342.38,24-06-2023
August,2022,RIL TOTAL,5176.59,24-06-2023
September,2022,"IOCL-PANIPAT, HARYANA",1153.66,24-06-2023
September,2022,"BPCL-KOCHI, KERALA",1155.88,24-06-2023
September,2022,BORL-BINA,650.73,24-06-2023
September,2022,"ONGC-TATIPAKA,ANDHRA PRADESH",6.82,24-06-2023
September,2022,"HMEL-GGSR, BATHINDA, PUNJAB",932.59,24-06-2023
September,2022,"RIL-(SEZ), JAMNAGAR,GUJARAT",1838.73,24-06-2023
September,2022,RIL TOTAL,4622.84,24-06-2023
October,2022,"IOCL-KOYALI, GUJARAT",1323.4,24-06-2023
October,2022,IOCL TOTAL,6245.22,24-06-2023
October,2022,"ONGC-TATIPAKA,ANDHRA PRADESH",7.55,24-06-2023
October,2022,"MRPL-MANGALORE,KARNATAKA",1493.47,24-06-2023
October,2022,"HPCL-MUMBAI,MAHARASHTRA",761.39,24-06-2023
March,2022,"IOCL-MATHURA, UTTAR PRADESH",884,24-06-2023
March,2022,"IOCL-PANIPAT, HARYANA",1285,24-06-2023
March,2022,"IOCL-PARADIP,ODISHA",1383,24-06-2023
March,2022,"BPCL-MUMBAI, MAHARASHTRA",1268,24-06-2023
March,2022,GRAND TOTAL,22337,24-06-2023
April,2020,"IOCL-KOYALI, GUJARAT",578,24-06-2023
April,2020,"IOCL-PARADIP,ODISHA",725,24-06-2023
May,2020,"IOCL-KOYALI, GUJARAT",769,24-06-2023
May,2020,"IOCL-PANIPAT, HARYANA",919,24-06-2023
May,2020,"IOCL-BONGAIGAON,ASSAM",196,24-06-2023
May,2020,IOCL TOTAL,4311,24-06-2023
May,2020,"BPCL-MUMBAI, MAHARASHTRA",907,24-06-2023
May,2020,"ONGC-TATIPAKA,ANDHRA PRADESH",6,24-06-2023
May,2020,ONGC TOTAL,572,24-06-2023
May,2020,"HMEL-GGSR, BATHINDA, PUNJAB",653,24-06-2023
May,2020,"RIL,JAMNAGAR,GUJARAT",2762,24-06-2023
May,2020,RIL TOTAL,5312,24-06-2023
May,2020,"NEL-VADINAR,GUJARAT",1561,24-06-2023
June,2020,"IOCL-HALDIA, WEST BENGAL",533,24-06-2023
June,2020,"IOCL-MATHURA, UTTAR PRADESH",769,24-06-2023
November,2021,"IOCL-BONGAIGAON,ASSAM",217,24-06-2023
November,2021,"BPCL-MUMBAI, MAHARASHTRA",1294,24-06-2023
November,2021,"BPCL-KOCHI, KERALA",1429,24-06-2023
November,2021,"ONGC-TATIPAKA,ANDHRA PRADESH",7,24-06-2023
November,2021,"HPCL-MUMBAI,MAHARASHTRA",545,24-06-2023
November,2021,RIL TOTAL,5448,24-06-2023
December,2021,"IOCL-PARADIP,ODISHA",1330,24-06-2023
December,2021,IOCL TOTAL,5905,24-06-2023
December,2021,"MRPL-MANGALORE,KARNATAKA",1434,24-06-2023
December,2021,"HPCL-MUMBAI,MAHARASHTRA",674,24-06-2023
December,2021,GRAND TOTAL,21483,24-06-2023
January,2022,"IOCL-MATHURA, UTTAR PRADESH",746,24-06-2023
January,2022,"BPCL-MUMBAI, MAHARASHTRA",1303,24-06-2023
January,2022,BORL-BINA,722,24-06-2023
January,2022,HPCL-TOTAL,2745,24-06-2023
January,2022,"NEL-VADINAR,GUJARAT",1733,24-06-2023
February,2022,"IOCL-MATHURA, UTTAR PRADESH",781,24-06-2023
February,2022,"IOCL-PANIPAT, HARYANA",1122,24-06-2023
February,2022,ONGC TOTAL,1399,24-06-2023
April,2022,"ONGC-TATIPAKA,ANDHRA PRADESH",6.05,24-06-2023
April,2022,"HMEL-GGSR, BATHINDA, PUNJAB",1039.86,24-06-2023
May,2022,"IOCL-DIGBOI,ASSAM",62.26,24-06-2023
May,2022,"IOCL-BONGAIGAON,ASSAM",182.52,24-06-2023
May,2022,"MRPL-MANGALORE,KARNATAKA",1415.2,24-06-2023
May,2022,ONGC TOTAL,1421.98,24-06-2023
May,2022,"RIL,JAMNAGAR,GUJARAT",3123.94,24-06-2023
May,2022,"RIL-(SEZ), JAMNAGAR,GUJARAT",2547.25,24-06-2023
June,2022,"IOCL-MATHURA, UTTAR PRADESH",867.72,24-06-2023
June,2022,"BPCL-MUMBAI, MAHARASHTRA",881.71,24-06-2023
June,2022,"NRL-NUMALIGARH, ASSAM",240.56,24-06-2023
June,2022,"MRPL-MANGALORE,KARNATAKA",1428.97,24-06-2023
June,2022,ONGC TOTAL,1435.69,24-06-2023
June,2022,RIL TOTAL,5361.9,24-06-2023
July,2022,"IOCL-MATHURA, UTTAR PRADESH",714.64,24-06-2023
July,2022,"IOCL-GUWAHATI,ASSAM",93.18,24-06-2023
July,2022,CPCL-TOTAL,975.07,24-06-2023
July,2022,"BPCL-MUMBAI, MAHARASHTRA",689.36,24-06-2023
June,2020,"NRL-NUMALIGARH, ASSAM",250,24-06-2023
July,2020,"IOCL-MATHURA, UTTAR PRADESH",754,24-06-2023
July,2020,IOCL TOTAL,5363,24-06-2023
July,2020,"NRL-NUMALIGARH, ASSAM",219,24-06-2023
July,2020,BPCL-TOTAL,2571,24-06-2023
August,2020,IOCL TOTAL,3950,24-06-2023
August,2020,"BPCL-MUMBAI, MAHARASHTRA",828,24-06-2023
August,2020,BPCL-TOTAL,2440,24-06-2023
August,2020,"ONGC-TATIPAKA,ANDHRA PRADESH",7,24-06-2023
August,2020,"HPCL-MUMBAI,MAHARASHTRA",658,24-06-2023
August,2020,"HMEL-GGSR, BATHINDA, PUNJAB",1047,24-06-2023
August,2020,HPCL-TOTAL,2357,24-06-2023
August,2020,RIL TOTAL,4390,24-06-2023
August,2020,GRAND TOTAL,16150,24-06-2023
September,2020,"IOCL-BONGAIGAON,ASSAM",189,24-06-2023
September,2020,"BPCL-KOCHI, KERALA",980,24-06-2023
September,2020,BPCL-TOTAL,2577,24-06-2023
October,2022,RIL TOTAL,4691.26,24-06-2023
November,2022,"IOCL-MATHURA, UTTAR PRADESH",836.84,24-06-2023
November,2022,BPCL-TOTAL,3289.21,24-06-2023
November,2022,"NRL-NUMALIGARH, ASSAM",247,24-06-2023
December,2022,"IOCL-GUWAHATI,ASSAM",73.44,24-06-2023
December,2022,BORL-BINA,712.61,24-06-2023
December,2022,"RIL,JAMNAGAR,GUJARAT",2840.86,24-06-2023
December,2022,"RIL-(SEZ), JAMNAGAR,GUJARAT",2467.05,24-06-2023
January,2023,"IOCL-BARAUNI,BIHAR",602.13,24-06-2023
January,2023,IOCL TOTAL,6541.94,24-06-2023
January,2023,BORL-BINA,678.71,24-06-2023
January,2023,BPCL-TOTAL,3601.99,24-06-2023
January,2023,"MRPL-MANGALORE,KARNATAKA",1496.59,24-06-2023
January,2023,"RIL,JAMNAGAR,GUJARAT",2848,24-06-2023
January,2023,"RIL-(SEZ), JAMNAGAR,GUJARAT",2542.8,24-06-2023
April,2021,IOCL TOTAL,5980,24-06-2023
August,2021,"IOCL-KOYALI, GUJARAT",1090,24-06-2023
August,2021,"NRL-NUMALIGARH, ASSAM",212,24-06-2023
August,2021,"ONGC-TATIPAKA,ANDHRA PRADESH",7,24-06-2023
August,2021,"NEL-VADINAR,GUJARAT",1710,24-06-2023
September,2021,"IOCL-BONGAIGAON,ASSAM",219,24-06-2023
October,2021,"IOCL-KOYALI, GUJARAT",939,24-06-2023
October,2021,"IOCL-PANIPAT, HARYANA",1315,24-06-2023
October,2021,"IOCL-BONGAIGAON,ASSAM",215,24-06-2023
October,2021,"IOCL-PARADIP,ODISHA",877,24-06-2023
October,2021,"BPCL-MUMBAI, MAHARASHTRA",1110,24-06-2023
October,2021,ONGC TOTAL,1469,24-06-2023
October,2021,RIL TOTAL,5754,24-06-2023
October,2021,"NEL-VADINAR,GUJARAT",1749,24-06-2023
November,2021,"IOCL-MATHURA, UTTAR PRADESH",852,24-06-2023
November,2021,"IOCL-PANIPAT, HARYANA",1340,24-06-2023
April,2021,"NRL-NUMALIGARH, ASSAM",221,24-06-2023
April,2021,"HMEL-GGSR, BATHINDA, PUNJAB",1059,24-06-2023
May,2021,"HPCL-MUMBAI,MAHARASHTRA",119,24-06-2023
May,2021,HPCL-TOTAL,1958,24-06-2023
May,2021,RIL TOTAL,5515,24-06-2023
June,2021,"IOCL-KOYALI, GUJARAT",1072,24-06-2023
June,2021,"IOCL-PANIPAT, HARYANA",1213,24-06-2023
June,2021,"NRL-NUMALIGARH, ASSAM",193,24-06-2023
June,2021,"ONGC-TATIPAKA,ANDHRA PRADESH",6,24-06-2023
July,2021,"IOCL-DIGBOI,ASSAM",60,24-06-2023
July,2021,"BPCL-KOCHI, KERALA",1087,24-06-2023
July,2021,"HPCL-MUMBAI,MAHARASHTRA",319,24-06-2023
January,2021,"IOCL-PARADIP,ODISHA",1206,24-06-2023
January,2021,"BPCL-MUMBAI, MAHARASHTRA",1320,24-06-2023
January,2021,"BPCL-KOCHI, KERALA",1573,24-06-2023
January,2021,BPCL-TOTAL,3837,24-06-2023
January,2021,"ONGC-TATIPAKA,ANDHRA PRADESH",8,24-06-2023
January,2021,"RIL,JAMNAGAR,GUJARAT",2916,24-06-2023
February,2021,"IOCL-KOYALI, GUJARAT",912,24-06-2023
February,2021,"IOCL-HALDIA, WEST BENGAL",657,24-06-2023
February,2021,"NRL-NUMALIGARH, ASSAM",227,24-06-2023
February,2021,"HPCL-VISAKH,ANDHRA PRADESH",737,24-06-2023
February,2021,"HMEL-GGSR, BATHINDA, PUNJAB",13,24-06-2023
February,2021,GRAND TOTAL,18617,24-06-2023
March,2021,"IOCL-KOYALI, GUJARAT",944,24-06-2023
March,2021,"IOCL-PANIPAT, HARYANA",1192,24-06-2023
March,2021,"IOCL-BONGAIGAON,ASSAM",230,24-06-2023
March,2021,"BPCL-KOCHI, KERALA",1383,24-06-2023
March,2021,"NRL-NUMALIGARH, ASSAM",241,24-06-2023
March,2021,BPCL-TOTAL,3603,24-06-2023
March,2021,"ONGC-TATIPAKA,ANDHRA PRADESH",8,24-06-2023
March,2021,"RIL,JAMNAGAR,GUJARAT",2839,24-06-2023
March,2021,"RIL-(SEZ), JAMNAGAR,GUJARAT",2051,24-06-2023
September,2020,ONGC TOTAL,820,24-06-2023
October,2020,"IOCL-KOYALI, GUJARAT",1049,24-06-2023
October,2020,"IOCL-HALDIA, WEST BENGAL",585,24-06-2023
October,2020,"IOCL-BONGAIGAON,ASSAM",222,24-06-2023
October,2020,"IOCL-PARADIP,ODISHA",1279,24-06-2023
October,2020,CPCL-TOTAL,725,24-06-2023
October,2020,BORL-BINA,561,24-06-2023
October,2020,"NRL-NUMALIGARH, ASSAM",232,24-06-2023
October,2020,"HMEL-GGSR, BATHINDA, PUNJAB",1038,24-06-2023
October,2020,"RIL-(SEZ), JAMNAGAR,GUJARAT",2441,24-06-2023
October,2020,"NEL-VADINAR,GUJARAT",563,24-06-2023
October,2020,GRAND TOTAL,18389,24-06-2023
November,2020,"IOCL-BARAUNI,BIHAR",579,24-06-2023
November,2020,"IOCL-PARADIP,ODISHA",1325,24-06-2023
November,2020,"BPCL-MUMBAI, MAHARASHTRA",1247,24-06-2023
November,2020,ONGC TOTAL,1018,24-06-2023
December,2020,CPCL-TOTAL,766,24-06-2023
December,2020,"NRL-NUMALIGARH, ASSAM",260,24-06-2023
December,2020,ONGC TOTAL,1314,24-06-2023
December,2020,"RIL,JAMNAGAR,GUJARAT",2996,24-06-2023
December,2020,RIL TOTAL,5688,24-06-2023
December,2020,GRAND TOTAL,21024,24-06-2023
January,2021,"IOCL-BARAUNI,BIHAR",589,24-06-2023
October,2022,GRAND TOTAL,20413.63,24-06-2023
November,2022,"IOCL-GUWAHATI,ASSAM",89.34,24-06-2023
November,2022,"HPCL-MUMBAI,MAHARASHTRA",820.12,24-06-2023
November,2022,HPCL-TOTAL,2599.45,24-06-2023
November,2022,RIL TOTAL,5233.71,24-06-2023
December,2022,"IOCL-PARADIP,ODISHA",1416.58,24-06-2023
December,2022,IOCL TOTAL,6161.15,24-06-2023
December,2022,CPCL-TOTAL,960.42,24-06-2023
December,2022,"BPCL-KOCHI, KERALA",1506.63,24-06-2023
December,2022,BPCL-TOTAL,3563.35,24-06-2023
December,2022,"MRPL-MANGALORE,KARNATAKA",1504.05,24-06-2023
December,2022,"HPCL-VISAKH,ANDHRA PRADESH",818.38,24-06-2023
December,2022,HPCL-TOTAL,2785.38,24-06-2023
December,2022,"NEL-VADINAR,GUJARAT",1712.08,24-06-2023
January,2023,"IOCL-HALDIA, WEST BENGAL",704.67,24-06-2023
January,2023,"IOCL-PANIPAT, HARYANA",1334.66,24-06-2023
January,2023,"IOCL-GUWAHATI,ASSAM",94.01,24-06-2023
January,2023,"IOCL-PARADIP,ODISHA",1425.16,24-06-2023
January,2023,ONGC TOTAL,1503.17,24-06-2023
January,2023,"HPCL-MUMBAI,MAHARASHTRA",837.69,24-06-2023
January,2023,RIL TOTAL,5390.8,24-06-2023
January,2023,"NEL-VADINAR,GUJARAT",1719.37,24-06-2023
January,2023,GRAND TOTAL,22809.58,24-06-2023
April,2021,"IOCL-MATHURA, UTTAR PRADESH",819,24-06-2023
April,2021,"IOCL-PANIPAT, HARYANA",1322,24-06-2023
April,2021,"IOCL-GUWAHATI,ASSAM",62,24-06-2023
April,2021,"IOCL-PARADIP,ODISHA",1332,24-06-2023
April,2021,CPCL-TOTAL,760,24-06-2023
April,2021,BPCL-TOTAL,3236,24-06-2023
April,2021,ONGC TOTAL,1107,24-06-2023
April,2021,"HPCL-VISAKH,ANDHRA PRADESH",826,24-06-2023
April,2021,HPCL-TOTAL,1926,24-06-2023
April,2021,"RIL,JAMNAGAR,GUJARAT",2773,24-06-2023
April,2021,"RIL-(SEZ), JAMNAGAR,GUJARAT",2248,24-06-2023
April,2021,"NEL-VADINAR,GUJARAT",1633,24-06-2023
April,2021,GRAND TOTAL,19885,24-06-2023
May,2021,"IOCL-PANIPAT, HARYANA",1156,24-06-2023
May,2021,"IOCL-GUWAHATI,ASSAM",,24-06-2023
May,2021,"IOCL-DIGBOI,ASSAM",61,24-06-2023
May,2021,IOCL TOTAL,5380,24-06-2023
May,2021,"RIL-(SEZ), JAMNAGAR,GUJARAT",2678,24-06-2023
June,2021,"IOCL-HALDIA, WEST BENGAL",606,24-06-2023
June,2021,"IOCL-GUWAHATI,ASSAM",,24-06-2023
June,2021,BORL-BINA,425,24-06-2023
June,2021,"MRPL-MANGALORE,KARNATAKA",1010,24-06-2023
June,2021,RIL TOTAL,5219,24-06-2023
June,2021,GRAND TOTAL,18400,24-06-2023
July,2021,"IOCL-BARAUNI,BIHAR",569,24-06-2023
July,2021,"IOCL-MATHURA, UTTAR PRADESH",665,24-06-2023
July,2021,"IOCL-GUWAHATI,ASSAM",,24-06-2023
July,2021,"IOCL-BONGAIGAON,ASSAM",226,24-06-2023
July,2021,IOCL TOTAL,5668,24-06-2023
July,2021,CPCL-TOTAL,819,24-06-2023
July,2021,"NRL-NUMALIGARH, ASSAM",227,24-06-2023
July,2021,"ONGC-TATIPAKA,ANDHRA PRADESH",3,24-06-2023
July,2021,"MRPL-MANGALORE,KARNATAKA",1105,24-06-2023
February,2022,"HPCL-MUMBAI,MAHARASHTRA",748,24-06-2023
February,2022,"HPCL-VISAKH,ANDHRA PRADESH",761,24-06-2023
February,2022,"RIL,JAMNAGAR,GUJARAT",2777,24-06-2023
February,2022,"RIL-(SEZ), JAMNAGAR,GUJARAT",2013,24-06-2023
March,2022,"IOCL-KOYALI, GUJARAT",1338,24-06-2023
March,2022,"IOCL-HALDIA, WEST BENGAL",747,24-06-2023
March,2022,"IOCL-GUWAHATI,ASSAM",93,24-06-2023
March,2022,CPCL-TOTAL,1062,24-06-2023
March,2022,BORL-BINA,704,24-06-2023
March,2022,"NRL-NUMALIGARH, ASSAM",188,24-06-2023
March,2022,ONGC TOTAL,1510,24-06-2023
March,2022,"RIL,JAMNAGAR,GUJARAT",3056,24-06-2023
March,2022,RIL TOTAL,5129,24-06-2023
April,2020,"IOCL-HALDIA, WEST BENGAL",305,24-06-2023
April,2020,"IOCL-GUWAHATI,ASSAM",,24-06-2023
April,2020,CPCL-TOTAL,308,24-06-2023
April,2020,"ONGC-TATIPAKA,ANDHRA PRADESH",2,24-06-2023
April,2020,"RIL-(SEZ), JAMNAGAR,GUJARAT",2523,24-06-2023
May,2020,"IOCL-PARADIP,ODISHA",959,24-06-2023
May,2020,"BPCL-KOCHI, KERALA",676,24-06-2023
May,2020,"NRL-NUMALIGARH, ASSAM",206,24-06-2023
May,2020,BPCL-TOTAL,2229,24-06-2023
May,2020,HPCL-TOTAL,1920,24-06-2023
May,2020,"RIL-(SEZ), JAMNAGAR,GUJARAT",2550,24-06-2023
April,2022,"IOCL-PANIPAT, HARYANA",1172.27,24-06-2023
April,2022,"MRPL-MANGALORE,KARNATAKA",1480.97,24-06-2023
April,2022,HPCL-TOTAL,2569.16,24-06-2023
May,2022,IOCL TOTAL,6422.41,24-06-2023
May,2022,"BPCL-MUMBAI, MAHARASHTRA",1256.55,24-06-2023
May,2022,"BPCL-KOCHI, KERALA",1431.85,24-06-2023
May,2022,"HMEL-GGSR, BATHINDA, PUNJAB",1111.19,24-06-2023
May,2022,RIL TOTAL,5671.18,24-06-2023
May,2022,"NEL-VADINAR,GUJARAT",1725.51,24-06-2023
May,2022,GRAND TOTAL,22643.9,24-06-2023
June,2022,"IOCL-KOYALI, GUJARAT",1314.78,24-06-2023
June,2022,"IOCL-PANIPAT, HARYANA",1253.85,24-06-2023
June,2022,"IOCL-GUWAHATI,ASSAM",92.08,24-06-2023
June,2022,"IOCL-BONGAIGAON,ASSAM",185.65,24-06-2023
June,2022,"IOCL-PARADIP,ODISHA",1263.58,24-06-2023
June,2022,IOCL TOTAL,6276.8,24-06-2023
June,2022,BPCL-TOTAL,2895.38,24-06-2023
June,2022,HPCL-TOTAL,2712.01,24-06-2023
June,2022,"NEL-VADINAR,GUJARAT",1679.61,24-06-2023
July,2022,"IOCL-HALDIA, WEST BENGAL",722.08,24-06-2023
July,2022,"IOCL-PARADIP,ODISHA",1346.24,24-06-2023
November,2021,IOCL TOTAL,5982,24-06-2023
November,2021,"MRPL-MANGALORE,KARNATAKA",1468,24-06-2023
November,2021,"HPCL-VISAKH,ANDHRA PRADESH",819,24-06-2023
December,2021,"IOCL-BARAUNI,BIHAR",602,24-06-2023
December,2021,BORL-BINA,657,24-06-2023
December,2021,BPCL-TOTAL,3321,24-06-2023
January,2022,"IOCL-KOYALI, GUJARAT",1273,24-06-2023
January,2022,"IOCL-PANIPAT, HARYANA",1221,24-06-2023
January,2022,"IOCL-DIGBOI,ASSAM",59,24-06-2023
January,2022,"IOCL-PARADIP,ODISHA",1325,24-06-2023
January,2022,"BPCL-KOCHI, KERALA",1450,24-06-2023
January,2022,"HPCL-MUMBAI,MAHARASHTRA",852,24-06-2023
January,2022,RIL TOTAL,5277,24-06-2023
February,2022,"IOCL-BARAUNI,BIHAR",529,24-06-2023
February,2022,"IOCL-HALDIA, WEST BENGAL",630,24-06-2023
February,2022,"IOCL-BONGAIGAON,ASSAM",181,24-06-2023
February,2022,CPCL-TOTAL,928,24-06-2023
February,2022,"BPCL-MUMBAI, MAHARASHTRA",1236,24-06-2023
February,2022,"ONGC-TATIPAKA,ANDHRA PRADESH",6,24-06-2023
February,2022,"MRPL-MANGALORE,KARNATAKA",1392,24-06-2023
July,2021,HPCL-TOTAL,1898,24-06-2023
August,2021,IOCL TOTAL,4904,24-06-2023
August,2021,"BPCL-MUMBAI, MAHARASHTRA",1286,24-06-2023
August,2021,"HPCL-VISAKH,ANDHRA PRADESH",479,24-06-2023
August,2021,RIL TOTAL,5110,24-06-2023
September,2021,"IOCL-HALDIA, WEST BENGAL",642,24-06-2023
September,2021,"IOCL-DIGBOI,ASSAM",60,24-06-2023
September,2021,"BPCL-MUMBAI, MAHARASHTRA",957,24-06-2023
September,2021,BORL-BINA,579,24-06-2023
September,2021,"HMEL-GGSR, BATHINDA, PUNJAB",1079,24-06-2023
October,2021,"IOCL-DIGBOI,ASSAM",61,24-06-2023
October,2021,CPCL-TOTAL,500,24-06-2023
October,2021,BORL-BINA,658,24-06-2023
October,2021,"HPCL-MUMBAI,MAHARASHTRA",535,24-06-2023
July,2022,"MRPL-MANGALORE,KARNATAKA",1428.36,24-06-2023
August,2022,"IOCL-DIGBOI,ASSAM",61.16,24-06-2023
August,2022,CPCL-TOTAL,940.43,24-06-2023
August,2022,GRAND TOTAL,19533.7,24-06-2023
September,2022,IOCL TOTAL,5088.28,24-06-2023
September,2022,"MRPL-MANGALORE,KARNATAKA",1329.62,24-06-2023
October,2022,"IOCL-BARAUNI,BIHAR",568.94,24-06-2023
October,2022,"IOCL-HALDIA, WEST BENGAL",724.58,24-06-2023
October,2022,CPCL-TOTAL,723.13,24-06-2023
October,2022,"BPCL-KOCHI, KERALA",581.02,24-06-2023
October,2022,BORL-BINA,705.16,24-06-2023
October,2022,ONGC TOTAL,1501.02,24-06-2023
October,2022,"HMEL-GGSR, BATHINDA, PUNJAB",1114.49,24-06-2023
October,2022,HPCL-TOTAL,2663.38,24-06-2023
September,2020,"RIL-(SEZ), JAMNAGAR,GUJARAT",2230,24-06-2023
October,2020,"IOCL-PANIPAT, HARYANA",1237,24-06-2023
October,2020,BPCL-TOTAL,2910,24-06-2023
October,2020,ONGC TOTAL,738,24-06-2023
November,2020,"IOCL-KOYALI, GUJARAT",1124,24-06-2023
November,2020,"IOCL-PANIPAT, HARYANA",1359,24-06-2023
November,2020,IOCL TOTAL,6210,24-06-2023
November,2020,CPCL-TOTAL,729,24-06-2023
November,2020,BORL-BINA,594,24-06-2023
November,2020,"HMEL-GGSR, BATHINDA, PUNJAB",1038,24-06-2023
December,2020,"IOCL-DIGBOI,ASSAM",58,24-06-2023
December,2020,IOCL TOTAL,5988,24-06-2023
December,2020,HPCL-TOTAL,2311,24-06-2023
January,2021,"IOCL-MATHURA, UTTAR PRADESH",893,24-06-2023
January,2021,"IOCL-PANIPAT, HARYANA",1321,24-06-2023
January,2021,"MRPL-MANGALORE,KARNATAKA",1420,24-06-2023
January,2021,"NEL-VADINAR,GUJARAT",1545,24-06-2023
January,2021,GRAND TOTAL,21809,24-06-2023
February,2021,"IOCL-BARAUNI,BIHAR",518,24-06-2023
February,2021,"IOCL-MATHURA, UTTAR PRADESH",790,24-06-2023
February,2021,BPCL-TOTAL,3503,24-06-2023
March,2021,CPCL-TOTAL,964,24-06-2023
March,2021,"HPCL-VISAKH,ANDHRA PRADESH",867,24-06-2023
March,2021,"NEL-VADINAR,GUJARAT",1627,24-06-2023
June,2020,"IOCL-GUWAHATI,ASSAM",64,24-06-2023
June,2020,"IOCL-PARADIP,ODISHA",1227,24-06-2023
June,2020,"BPCL-MUMBAI, MAHARASHTRA",972,24-06-2023
June,2020,HPCL-TOTAL,2164,24-06-2023
July,2020,"IOCL-PANIPAT, HARYANA",1115,24-06-2023
July,2020,RIL TOTAL,4299,24-06-2023
July,2020,"NEL-VADINAR,GUJARAT",1560,24-06-2023
August,2020,CPCL-TOTAL,562,24-06-2023
August,2020,"NRL-NUMALIGARH, ASSAM",226,24-06-2023
August,2020,"HPCL-VISAKH,ANDHRA PRADESH",651,24-06-2023
August,2020,"RIL,JAMNAGAR,GUJARAT",3021,24-06-2023
September,2020,"IOCL-MATHURA, UTTAR PRADESH",615,24-06-2023
September,2020,CPCL-TOTAL,770,24-06-2023
July,2021,"NEL-VADINAR,GUJARAT",1677,24-06-2023
August,2021,"IOCL-BONGAIGAON,ASSAM",233,24-06-2023
August,2021,"MRPL-MANGALORE,KARNATAKA",1007,24-06-2023
August,2021,ONGC TOTAL,1013,24-06-2023
August,2021,"HMEL-GGSR, BATHINDA, PUNJAB",1112,24-06-2023
August,2021,HPCL-TOTAL,1890,24-06-2023
September,2021,"IOCL-BARAUNI,BIHAR",56,24-06-2023
September,2021,"IOCL-PANIPAT, HARYANA",1086,24-06-2023
September,2021,"IOCL-GUWAHATI,ASSAM",77,24-06-2023
September,2021,IOCL TOTAL,4705,24-06-2023
September,2021,"ONGC-TATIPAKA,ANDHRA PRADESH",7,24-06-2023
September,2021,ONGC TOTAL,994,24-06-2023
September,2021,"HPCL-VISAKH,ANDHRA PRADESH",546,24-06-2023
September,2021,"RIL-(SEZ), JAMNAGAR,GUJARAT",2361,24-06-2023
September,2021,RIL TOTAL,5203,24-06-2023
October,2021,"BPCL-KOCHI, KERALA",1444,24-06-2023
October,2021,"HMEL-GGSR, BATHINDA, PUNJAB",1113,24-06-2023
October,2021,HPCL-TOTAL,2501,24-06-2023
October,2021,"RIL,JAMNAGAR,GUJARAT",3110,24-06-2023
October,2021,GRAND TOTAL,20958,24-06-2023
November,2021,"IOCL-BARAUNI,BIHAR",479,24-06-2023
November,2021,"IOCL-KOYALI, GUJARAT",1123,24-06-2023
November,2021,CPCL-TOTAL,816,24-06-2023
November,2021,BORL-BINA,684,24-06-2023
November,2021,"NRL-NUMALIGARH, ASSAM",223,24-06-2023
November,2021,ONGC TOTAL,1475,24-06-2023
November,2021,HPCL-TOTAL,2445,24-06-2023
November,2021,"RIL-(SEZ), JAMNAGAR,GUJARAT",2451,24-06-2023
December,2021,"IOCL-MATHURA, UTTAR PRADESH",766,24-06-2023
December,2021,"IOCL-DIGBOI,ASSAM",62,24-06-2023
December,2021,ONGC TOTAL,1441,24-06-2023
December,2021,"HPCL-VISAKH,ANDHRA PRADESH",809,24-06-2023
December,2021,"HMEL-GGSR, BATHINDA, PUNJAB",1118,24-06-2023
December,2021,"RIL,JAMNAGAR,GUJARAT",3019,24-06-2023
December,2021,"NEL-VADINAR,GUJARAT",1710,24-06-2023
January,2022,"IOCL-HALDIA, WEST BENGAL",301,24-06-2023
January,2022,"IOCL-BONGAIGAON,ASSAM",207,24-06-2023
January,2022,BPCL-TOTAL,3475,24-06-2023
January,2022,ONGC TOTAL,1448,24-06-2023
January,2022,"HPCL-VISAKH,ANDHRA PRADESH",793,24-06-2023
January,2022,"RIL-(SEZ), JAMNAGAR,GUJARAT",2235,24-06-2023
January,2022,GRAND TOTAL,21709,24-06-2023
February,2022,"IOCL-KOYALI, GUJARAT",1200,24-06-2023
February,2022,"IOCL-GUWAHATI,ASSAM",82,24-06-2023
February,2022,"IOCL-PARADIP,ODISHA",1211,24-06-2023
February,2022,IOCL TOTAL,5785,24-06-2023
February,2022,BORL-BINA,594,24-06-2023
June,2020,"IOCL-PANIPAT, HARYANA",1173,24-06-2023
June,2020,"IOCL-DIGBOI,ASSAM",61,24-06-2023
June,2020,IOCL TOTAL,5573,24-06-2023
June,2020,CPCL-TOTAL,579,24-06-2023
June,2020,"ONGC-TATIPAKA,ANDHRA PRADESH",7,24-06-2023
June,2020,"MRPL-MANGALORE,KARNATAKA",627,24-06-2023
June,2020,"HPCL-MUMBAI,MAHARASHTRA",654,24-06-2023
July,2020,"IOCL-BARAUNI,BIHAR",437,24-06-2023
July,2020,"IOCL-KOYALI, GUJARAT",1092,24-06-2023
July,2020,"IOCL-HALDIA, WEST BENGAL",580,24-06-2023
July,2020,"IOCL-GUWAHATI,ASSAM",87,24-06-2023
July,2020,"IOCL-PARADIP,ODISHA",1025,24-06-2023
July,2020,"BPCL-MUMBAI, MAHARASHTRA",1097,24-06-2023
July,2020,"MRPL-MANGALORE,KARNATAKA",766,24-06-2023
July,2020,ONGC TOTAL,773,24-06-2023
July,2020,"HMEL-GGSR, BATHINDA, PUNJAB",1035,24-06-2023
August,2020,"IOCL-MATHURA, UTTAR PRADESH",641,24-06-2023
August,2020,BORL-BINA,451,24-06-2023
August,2020,"MRPL-MANGALORE,KARNATAKA",905,24-06-2023
August,2020,"RIL-(SEZ), JAMNAGAR,GUJARAT",1369,24-06-2023
August,2020,"NEL-VADINAR,GUJARAT",1539,24-06-2023
September,2020,"IOCL-BARAUNI,BIHAR",376,24-06-2023
September,2020,"IOCL-HALDIA, WEST BENGAL",440,24-06-2023
September,2020,"IOCL-PARADIP,ODISHA",992,24-06-2023
September,2020,IOCL TOTAL,4657,24-06-2023
September,2020,"HPCL-VISAKH,ANDHRA PRADESH",728,24-06-2023
October,2020,"IOCL-BARAUNI,BIHAR",435,24-06-2023
October,2020,"IOCL-MATHURA, UTTAR PRADESH",709,24-06-2023
October,2020,"IOCL-GUWAHATI,ASSAM",84,24-06-2023
October,2020,"IOCL-DIGBOI,ASSAM",61,24-06-2023
October,2020,"BPCL-MUMBAI, MAHARASHTRA",1051,24-06-2023
October,2020,"BPCL-KOCHI, KERALA",1066,24-06-2023
October,2020,"MRPL-MANGALORE,KARNATAKA",731,24-06-2023
October,2020,HPCL-TOTAL,2327,24-06-2023
November,2020,"IOCL-HALDIA, WEST BENGAL",680,24-06-2023
November,2020,"IOCL-GUWAHATI,ASSAM",83,24-06-2023
November,2020,"IOCL-DIGBOI,ASSAM",59,24-06-2023
November,2020,"IOCL-BONGAIGAON,ASSAM",206,24-06-2023
November,2020,"BPCL-KOCHI, KERALA",1337,24-06-2023
November,2020,"ONGC-TATIPAKA,ANDHRA PRADESH",7,24-06-2023
November,2020,"RIL-(SEZ), JAMNAGAR,GUJARAT",2611,24-06-2023
November,2020,"NEL-VADINAR,GUJARAT",1476,24-06-2023
December,2020,"IOCL-MATHURA, UTTAR PRADESH",871,24-06-2023
December,2020,"IOCL-GUWAHATI,ASSAM",84,24-06-2023
December,2020,"MRPL-MANGALORE,KARNATAKA",1307,24-06-2023
February,2022,"HMEL-GGSR, BATHINDA, PUNJAB",1010,24-06-2023
March,2022,"IOCL-DIGBOI,ASSAM",61,24-06-2023
March,2022,"IOCL-BONGAIGAON,ASSAM",248,24-06-2023
March,2022,IOCL TOTAL,6636,24-06-2023
March,2022,"BPCL-KOCHI, KERALA",1522,24-06-2023
March,2022,HPCL-TOTAL,2628,24-06-2023
March,2022,"RIL-(SEZ), JAMNAGAR,GUJARAT",2074,24-06-2023
April,2020,"IOCL-PANIPAT, HARYANA",457,24-06-2023
April,2020,"NRL-NUMALIGARH, ASSAM",170,24-06-2023
April,2020,BPCL-TOTAL,2086,24-06-2023
April,2020,"HPCL-MUMBAI,MAHARASHTRA",549,24-06-2023
April,2020,"HMEL-GGSR, BATHINDA, PUNJAB",593,24-06-2023
April,2020,HPCL-TOTAL,1917,24-06-2023
April,2020,"NEL-VADINAR,GUJARAT",1402,24-06-2023
May,2020,"IOCL-GUWAHATI,ASSAM",24,24-06-2023
May,2020,"MRPL-MANGALORE,KARNATAKA",566,24-06-2023
May,2020,"HPCL-VISAKH,ANDHRA PRADESH",743,24-06-2023
June,2020,"IOCL-BARAUNI,BIHAR",512,24-06-2023
July,2022,BORL-BINA,586.53,24-06-2023
July,2022,"NRL-NUMALIGARH, ASSAM",261.07,24-06-2023
July,2022,ONGC TOTAL,1433.34,24-06-2023
July,2022,"HPCL-VISAKH,ANDHRA PRADESH",683.83,24-06-2023
July,2022,"HMEL-GGSR, BATHINDA, PUNJAB",1109.49,24-06-2023
July,2022,"RIL,JAMNAGAR,GUJARAT",2932.96,24-06-2023
July,2022,"RIL-(SEZ), JAMNAGAR,GUJARAT",2549.47,24-06-2023
August,2022,"IOCL-BARAUNI,BIHAR",590.38,24-06-2023
August,2022,"IOCL-PANIPAT, HARYANA",1207.09,24-06-2023
August,2022,"BPCL-KOCHI, KERALA",1377.33,24-06-2023
August,2022,BPCL-TOTAL,3036.17,24-06-2023
September,2022,"IOCL-MATHURA, UTTAR PRADESH",767.41,24-06-2023
September,2022,"IOCL-DIGBOI,ASSAM",44.35,24-06-2023
September,2022,"IOCL-BONGAIGAON,ASSAM",244.44,24-06-2023
September,2022,HPCL-TOTAL,2533.1,24-06-2023
September,2022,GRAND TOTAL,19549.92,24-06-2023
October,2022,"IOCL-MATHURA, UTTAR PRADESH",794.59,24-06-2023
October,2022,"BPCL-MUMBAI, MAHARASHTRA",1306.88,24-06-2023
November,2022,"IOCL-PANIPAT, HARYANA",699.93,24-06-2023
November,2022,"IOCL-DIGBOI,ASSAM",59.69,24-06-2023
November,2022,CPCL-TOTAL,921,24-06-2023
November,2022,"MRPL-MANGALORE,KARNATAKA",1461.6,24-06-2023
November,2022,"HMEL-GGSR, BATHINDA, PUNJAB",978.05,24-06-2023
November,2022,"RIL,JAMNAGAR,GUJARAT",2555.92,24-06-2023
December,2022,"IOCL-BARAUNI,BIHAR",529.96,24-06-2023
December,2022,"IOCL-BONGAIGAON,ASSAM",251.22,24-06-2023
December,2022,"NRL-NUMALIGARH, ASSAM",271.76,24-06-2023
December,2022,"HPCL-MUMBAI,MAHARASHTRA",850.56,24-06-2023
December,2022,"HMEL-GGSR, BATHINDA, PUNJAB",1116.44,24-06-2023
January,2023,"IOCL-BONGAIGAON,ASSAM",253.07,24-06-2023
January,2023,"BPCL-MUMBAI, MAHARASHTRA",1390.21,24-06-2023
January,2023,"BPCL-KOCHI, KERALA",1533.08,24-06-2023
January,2023,"HPCL-VISAKH,ANDHRA PRADESH",823.65,24-06-2023
January,2023,HPCL-TOTAL,2777.96,24-06-2023
April,2021,"IOCL-KOYALI, GUJARAT",998,24-06-2023
April,2021,"IOCL-BONGAIGAON,ASSAM",225,24-06-2023
April,2022,"IOCL-MATHURA, UTTAR PRADESH",805.13,24-06-2023
April,2022,"IOCL-BONGAIGAON,ASSAM",209.04,24-06-2023
April,2022,"IOCL-PARADIP,ODISHA",1327.97,24-06-2023
April,2022,CPCL-TOTAL,904.2,24-06-2023
April,2022,BORL-BINA,684.49,24-06-2023
April,2022,BPCL-TOTAL,3300.36,24-06-2023
April,2022,"HPCL-MUMBAI,MAHARASHTRA",731.49,24-06-2023
April,2022,GRAND TOTAL,21579.61,24-06-2023
May,2022,"IOCL-GUWAHATI,ASSAM",93.84,24-06-2023
May,2022,"NRL-NUMALIGARH, ASSAM",275.34,24-06-2023
May,2022,"ONGC-TATIPAKA,ANDHRA PRADESH",6.78,24-06-2023
May,2022,"HPCL-MUMBAI,MAHARASHTRA",844.05,24-06-2023
June,2022,"IOCL-BARAUNI,BIHAR",559.48,24-06-2023
June,2022,"IOCL-DIGBOI,ASSAM",60.93,24-06-2023
June,2022,"HMEL-GGSR, BATHINDA, PUNJAB",1078.48,24-06-2023
June,2022,GRAND TOTAL,21574.57,24-06-2023
July,2022,"IOCL-PANIPAT, HARYANA",1154.63,24-06-2023
July,2022,"IOCL-DIGBOI,ASSAM",62.85,24-06-2023
July,2022,"IOCL-BONGAIGAON,ASSAM",211.02,24-06-2023
April,2021,"ONGC-TATIPAKA,ANDHRA PRADESH",7,24-06-2023
May,2021,"IOCL-HALDIA, WEST BENGAL",624,24-06-2023
May,2021,"IOCL-MATHURA, UTTAR PRADESH",692,24-06-2023
May,2021,"HPCL-VISAKH,ANDHRA PRADESH",737,24-06-2023
May,2021,"RIL,JAMNAGAR,GUJARAT",2837,24-06-2023
May,2021,"NEL-VADINAR,GUJARAT",1692,24-06-2023
June,2021,"BPCL-MUMBAI, MAHARASHTRA",1029,24-06-2023
June,2021,"BPCL-KOCHI, KERALA",1016,24-06-2023
June,2021,"HPCL-MUMBAI,MAHARASHTRA",304,24-06-2023
June,2021,HPCL-TOTAL,1848,24-06-2023
June,2021,"RIL-(SEZ), JAMNAGAR,GUJARAT",2530,24-06-2023
July,2021,BORL-BINA,623,24-06-2023
July,2021,ONGC TOTAL,1108,24-06-2023
July,2021,"HMEL-GGSR, BATHINDA, PUNJAB",1098,24-06-2023
January,2021,"IOCL-GUWAHATI,ASSAM",90,24-06-2023
January,2021,CPCL-TOTAL,917,24-06-2023
January,2021,"NRL-NUMALIGARH, ASSAM",249,24-06-2023
January,2021,"RIL-(SEZ), JAMNAGAR,GUJARAT",2648,24-06-2023
February,2021,"IOCL-PANIPAT, HARYANA",1047,24-06-2023
February,2021,BORL-BINA,601,24-06-2023
February,2021,"HPCL-MUMBAI,MAHARASHTRA",642,24-06-2023
February,2021,"RIL-(SEZ), JAMNAGAR,GUJARAT",2212,24-06-2023
February,2021,RIL TOTAL,4876,24-06-2023
February,2021,"NEL-VADINAR,GUJARAT",1397,24-06-2023
March,2021,IOCL TOTAL,5927,24-06-2023
March,2021,"HMEL-GGSR, BATHINDA, PUNJAB",1025,24-06-2023
April,2022,"IOCL-BARAUNI,BIHAR",550.61,24-06-2023
April,2022,"IOCL-DIGBOI,ASSAM",58.03,24-06-2023
April,2022,"BPCL-MUMBAI, MAHARASHTRA",1301.76,24-06-2023
April,2022,"HPCL-VISAKH,ANDHRA PRADESH",797.81,24-06-2023
April,2022,"RIL-(SEZ), JAMNAGAR,GUJARAT",2116.64,24-06-2023
April,2022,RIL TOTAL,5150.91,24-06-2023
April,2022,"NEL-VADINAR,GUJARAT",1659.98,24-06-2023
May,2022,"IOCL-BARAUNI,BIHAR",584.47,24-06-2023
May,2022,"IOCL-KOYALI, GUJARAT",1358.94,24-06-2023
May,2022,"IOCL-HALDIA, WEST BENGAL",712.4,24-06-2023
May,2022,CPCL-TOTAL,1005.44,24-06-2023
May,2022,"HPCL-VISAKH,ANDHRA PRADESH",802.67,24-06-2023
May,2022,HPCL-TOTAL,2757.9,24-06-2023
June,2022,CPCL-TOTAL,972.61,24-06-2023
June,2022,"BPCL-KOCHI, KERALA",1363.85,24-06-2023
June,2022,BORL-BINA,649.82,24-06-2023
June,2022,"HPCL-MUMBAI,MAHARASHTRA",851.69,24-06-2023
June,2022,"HPCL-VISAKH,ANDHRA PRADESH",781.84,24-06-2023
June,2022,"RIL,JAMNAGAR,GUJARAT",2953.79,24-06-2023
July,2022,"IOCL-KOYALI, GUJARAT",1303.93,24-06-2023
July,2022,IOCL TOTAL,6167.19,24-06-2023
July,2022,BPCL-TOTAL,2699.54,24-06-2023
July,2022,RIL TOTAL,5482.43,24-06-2023
July,2022,"NEL-VADINAR,GUJARAT",1734.8,24-06-2023
July,2022,GRAND TOTAL,21423.24,24-06-2023
August,2022,"IOCL-MATHURA, UTTAR PRADESH",649.6,24-06-2023
August,2022,"IOCL-PARADIP,ODISHA",2.1,24-06-2023
August,2022,IOCL TOTAL,4836.86,24-06-2023
August,2022,"BPCL-MUMBAI, MAHARASHTRA",1246.63,24-06-2023
August,2022,BORL-BINA,412.22,24-06-2023
August,2022,"HPCL-VISAKH,ANDHRA PRADESH",555.78,24-06-2023
September,2022,"IOCL-BARAUNI,BIHAR",544.5,24-06-2023
September,2022,"IOCL-GUWAHATI,ASSAM",86.65,24-06-2023
September,2022,"IOCL-PARADIP,ODISHA",274.67,24-06-2023
September,2022,CPCL-TOTAL,961.61,24-06-2023
September,2022,"BPCL-MUMBAI, MAHARASHTRA",1261.03,24-06-2023
September,2022,"NRL-NUMALIGARH, ASSAM",247.85,24-06-2023
September,2022,"HPCL-MUMBAI,MAHARASHTRA",786.46,24-06-2023
September,2022,"RIL,JAMNAGAR,GUJARAT",2784.11,24-06-2023
October,2022,"IOCL-PANIPAT, HARYANA",1184.84,24-06-2023
October,2022,"IOCL-GUWAHATI,ASSAM",93.19,24-06-2023
October,2022,"IOCL-DIGBOI,ASSAM",62.42,24-06-2023
October,2022,"HPCL-VISAKH,ANDHRA PRADESH",787.49,24-06-2023
October,2022,"RIL,JAMNAGAR,GUJARAT",2931.62,24-06-2023
October,2022,"RIL-(SEZ), JAMNAGAR,GUJARAT",1759.64,24-06-2023
April,2021,"BPCL-MUMBAI, MAHARASHTRA",1225,24-06-2023
April,2021,"BPCL-KOCHI, KERALA",1363,24-06-2023
April,2021,"MRPL-MANGALORE,KARNATAKA",1100,24-06-2023
April,2021,"HPCL-MUMBAI,MAHARASHTRA",41,24-06-2023
April,2021,RIL TOTAL,5021,24-06-2023
May,2021,"IOCL-BARAUNI,BIHAR",533,24-06-2023
May,2021,"IOCL-KOYALI, GUJARAT",1042,24-06-2023
May,2021,"IOCL-BONGAIGAON,ASSAM",227,24-06-2023
May,2021,"IOCL-PARADIP,ODISHA",1045,24-06-2023
May,2021,BORL-BINA,519,24-06-2023
May,2021,"ONGC-TATIPAKA,ANDHRA PRADESH",7,24-06-2023
May,2021,"HMEL-GGSR, BATHINDA, PUNJAB",1102,24-06-2023
May,2021,GRAND TOTAL,18970,24-06-2023
June,2021,"IOCL-BARAUNI,BIHAR",442,24-06-2023
June,2021,"IOCL-MATHURA, UTTAR PRADESH",698,24-06-2023
June,2021,IOCL TOTAL,5358,24-06-2023
June,2021,"HMEL-GGSR, BATHINDA, PUNJAB",1063,24-06-2023
June,2021,"RIL,JAMNAGAR,GUJARAT",2690,24-06-2023
June,2021,"NEL-VADINAR,GUJARAT",1650,24-06-2023
July,2021,"IOCL-PARADIP,ODISHA",1059,24-06-2023
July,2021,"BPCL-MUMBAI, MAHARASHTRA",1253,24-06-2023
July,2021,BPCL-TOTAL,2962,24-06-2023
July,2021,GRAND TOTAL,19384,24-06-2023
August,2021,"IOCL-GUWAHATI,ASSAM",64,24-06-2023
August,2021,"IOCL-PARADIP,ODISHA",663,24-06-2023
August,2021,CPCL-TOTAL,629,24-06-2023
August,2021,BORL-BINA,598,24-06-2023
August,2021,BPCL-TOTAL,2971,24-06-2023
August,2021,"HPCL-MUMBAI,MAHARASHTRA",299,24-06-2023
August,2021,GRAND TOTAL,18439,24-06-2023
September,2021,"IOCL-MATHURA, UTTAR PRADESH",723,24-06-2023
September,2021,"IOCL-PARADIP,ODISHA",838,24-06-2023
September,2021,CPCL-TOTAL,497,24-06-2023
September,2021,"NRL-NUMALIGARH, ASSAM",238,24-06-2023
September,2021,"MRPL-MANGALORE,KARNATAKA",988,24-06-2023
September,2021,"NEL-VADINAR,GUJARAT",1668,24-06-2023
September,2021,GRAND TOTAL,18214,24-06-2023
October,2021,"IOCL-BARAUNI,BIHAR",427,24-06-2023
October,2021,"IOCL-HALDIA, WEST BENGAL",736,24-06-2023
October,2021,IOCL TOTAL,5517,24-06-2023
October,2021,BPCL-TOTAL,3213,24-06-2023
October,2021,"ONGC-TATIPAKA,ANDHRA PRADESH",6,24-06-2023
October,2021,"MRPL-MANGALORE,KARNATAKA",1463,24-06-2023
October,2021,"RIL-(SEZ), JAMNAGAR,GUJARAT",2644,24-06-2023
November,2021,"IOCL-HALDIA, WEST BENGAL",708,24-06-2023
November,2021,"IOCL-DIGBOI,ASSAM",61,24-06-2023
September,2020,"ONGC-TATIPAKA,ANDHRA PRADESH",7,24-06-2023
September,2020,"MRPL-MANGALORE,KARNATAKA",813,24-06-2023
September,2020,"HPCL-MUMBAI,MAHARASHTRA",670,24-06-2023
September,2020,HPCL-TOTAL,2414,24-06-2023
September,2020,"RIL,JAMNAGAR,GUJARAT",2779,24-06-2023
September,2020,GRAND TOTAL,17707,24-06-2023
October,2020,IOCL TOTAL,5662,24-06-2023
November,2020,"IOCL-MATHURA, UTTAR PRADESH",796,24-06-2023
November,2020,"NRL-NUMALIGARH, ASSAM",230,24-06-2023
November,2020,"MRPL-MANGALORE,KARNATAKA",1011,24-06-2023
November,2020,HPCL-TOTAL,2457,24-06-2023
November,2020,"RIL,JAMNAGAR,GUJARAT",2871,24-06-2023
November,2020,RIL TOTAL,5482,24-06-2023
December,2020,"IOCL-PANIPAT, HARYANA",1359,24-06-2023
December,2020,"IOCL-BONGAIGAON,ASSAM",204,24-06-2023
December,2020,"BPCL-KOCHI, KERALA",1329,24-06-2023
December,2020,BORL-BINA,625,24-06-2023
December,2020,BPCL-TOTAL,3414,24-06-2023
December,2020,"HMEL-GGSR, BATHINDA, PUNJAB",1027,24-06-2023
December,2020,"RIL-(SEZ), JAMNAGAR,GUJARAT",2691,24-06-2023
February,2022,RIL TOTAL,4790,24-06-2023
February,2022,"NEL-VADINAR,GUJARAT",1563,24-06-2023
March,2022,"ONGC-TATIPAKA,ANDHRA PRADESH",6,24-06-2023
March,2022,"MRPL-MANGALORE,KARNATAKA",1504,24-06-2023
March,2022,"HPCL-VISAKH,ANDHRA PRADESH",825,24-06-2023
March,2022,"HMEL-GGSR, BATHINDA, PUNJAB",1092,24-06-2023
March,2022,"NEL-VADINAR,GUJARAT",1690,24-06-2023
April,2020,IOCL TOTAL,3046,24-06-2023
April,2020,"BPCL-MUMBAI, MAHARASHTRA",768,24-06-2023
April,2020,"BPCL-KOCHI, KERALA",815,24-06-2023
April,2020,BORL-BINA,332,24-06-2023
April,2020,ONGC TOTAL,673,24-06-2023
April,2020,RIL TOTAL,5314,24-06-2023
May,2020,"IOCL-BARAUNI,BIHAR",337,24-06-2023
May,2020,"IOCL-MATHURA, UTTAR PRADESH",730,24-06-2023
May,2020,"IOCL-DIGBOI,ASSAM",56,24-06-2023
May,2020,"HPCL-MUMBAI,MAHARASHTRA",525,24-06-2023
May,2020,GRAND TOTAL,16347,24-06-2023
June,2020,"IOCL-KOYALI, GUJARAT",1041,24-06-2023
June,2020,"IOCL-BONGAIGAON,ASSAM",193,24-06-2023
June,2020,"BPCL-KOCHI, KERALA",931,24-06-2023
June,2020,BPCL-TOTAL,2540,24-06-2023
June,2020,"HPCL-VISAKH,ANDHRA PRADESH",725,24-06-2023
June,2020,"RIL,JAMNAGAR,GUJARAT",2605,24-06-2023
June,2020,"RIL-(SEZ), JAMNAGAR,GUJARAT",2047,24-06-2023
June,2020,RIL TOTAL,4652,24-06-2023
June,2020,"NEL-VADINAR,GUJARAT",1394,24-06-2023
June,2020,GRAND TOTAL,17537,24-06-2023
July,2020,"IOCL-DIGBOI,ASSAM",51,24-06-2023
July,2020,BORL-BINA,411,24-06-2023
July,2020,"RIL-(SEZ), JAMNAGAR,GUJARAT",1468,24-06-2023
July,2020,GRAND TOTAL,17680,24-06-2023
August,2020,"IOCL-KOYALI, GUJARAT",834,24-06-2023
August,2020,"IOCL-PANIPAT, HARYANA",977,24-06-2023
August,2020,"IOCL-DIGBOI,ASSAM",56,24-06-2023
August,2020,"IOCL-BONGAIGAON,ASSAM",206,24-06-2023
August,2020,ONGC TOTAL,913,24-06-2023
September,2020,"IOCL-KOYALI, GUJARAT",899,24-06-2023
September,2020,"IOCL-GUWAHATI,ASSAM",75,24-06-2023
September,2020,"IOCL-DIGBOI,ASSAM",46,24-06-2023
November,2022,"IOCL-BARAUNI,BIHAR",573.35,24-06-2023
November,2022,"IOCL-BONGAIGAON,ASSAM",244.09,24-06-2023
November,2022,"IOCL-PARADIP,ODISHA",1330.62,24-06-2023
November,2022,IOCL TOTAL,5796.21,24-06-2023
November,2022,BORL-BINA,691.93,24-06-2023
November,2022,"ONGC-TATIPAKA,ANDHRA PRADESH",6.3,24-06-2023
November,2022,ONGC TOTAL,1467.89,24-06-2023
November,2022,"HPCL-VISAKH,ANDHRA PRADESH",801.28,24-06-2023
November,2022,"RIL-(SEZ), JAMNAGAR,GUJARAT",2677.79,24-06-2023
December,2022,"IOCL-KOYALI, GUJARAT",1326.2,24-06-2023
December,2022,"IOCL-HALDIA, WEST BENGAL",731.49,24-06-2023
December,2022,"IOCL-DIGBOI,ASSAM",61.96,24-06-2023
December,2022,"BPCL-MUMBAI, MAHARASHTRA",1344.11,24-06-2023
December,2022,ONGC TOTAL,1510.51,24-06-2023
January,2023,"HMEL-GGSR, BATHINDA, PUNJAB",1116.62,24-06-2023
April,2021,"IOCL-BARAUNI,BIHAR",471,24-06-2023
April,2021,"IOCL-HALDIA, WEST BENGAL",696,24-06-2023
January,2021,ONGC TOTAL,1427,24-06-2023
January,2021,"HPCL-MUMBAI,MAHARASHTRA",639,24-06-2023
January,2021,"HPCL-VISAKH,ANDHRA PRADESH",800,24-06-2023
January,2021,"HMEL-GGSR, BATHINDA, PUNJAB",801,24-06-2023
January,2021,HPCL-TOTAL,2240,24-06-2023
February,2021,"IOCL-GUWAHATI,ASSAM",80,24-06-2023
February,2021,"IOCL-DIGBOI,ASSAM",22,24-06-2023
February,2021,IOCL TOTAL,5387,24-06-2023
February,2021,CPCL-TOTAL,758,24-06-2023
February,2021,"BPCL-MUMBAI, MAHARASHTRA",1264,24-06-2023
February,2021,ONGC TOTAL,1305,24-06-2023
February,2021,HPCL-TOTAL,1392,24-06-2023
March,2021,"IOCL-BARAUNI,BIHAR",569,24-06-2023
March,2021,"IOCL-DIGBOI,ASSAM",23,24-06-2023
March,2021,"BPCL-MUMBAI, MAHARASHTRA",1376,24-06-2023
March,2021,BORL-BINA,602,24-06-2023
March,2021,ONGC TOTAL,1369,24-06-2023
March,2021,RIL TOTAL,4890,24-06-2023
November,2021,"IOCL-PARADIP,ODISHA",1120,24-06-2023
December,2021,"IOCL-HALDIA, WEST BENGAL",264,24-06-2023
December,2021,"IOCL-PANIPAT, HARYANA",1298,24-06-2023
December,2021,"BPCL-MUMBAI, MAHARASHTRA",1304,24-06-2023
December,2021,"BPCL-KOCHI, KERALA",1360,24-06-2023
December,2021,RIL TOTAL,5529,24-06-2023
January,2022,"IOCL-GUWAHATI,ASSAM",92,24-06-2023
January,2022,"MRPL-MANGALORE,KARNATAKA",1440,24-06-2023
January,2022,"RIL,JAMNAGAR,GUJARAT",3042,24-06-2023
February,2022,"IOCL-DIGBOI,ASSAM",50,24-06-2023
February,2022,"BPCL-KOCHI, KERALA",1394,24-06-2023
February,2022,BPCL-TOTAL,3225,24-06-2023
February,2022,"NRL-NUMALIGARH, ASSAM",234,24-06-2023
July,2021,"RIL,JAMNAGAR,GUJARAT",2743,24-06-2023
July,2021,"RIL-(SEZ), JAMNAGAR,GUJARAT",2284,24-06-2023
July,2021,RIL TOTAL,5027,24-06-2023
August,2021,"IOCL-BARAUNI,BIHAR",296,24-06-2023
August,2021,"IOCL-HALDIA, WEST BENGAL",709,24-06-2023
August,2021,"IOCL-MATHURA, UTTAR PRADESH",643,24-06-2023
August,2021,"IOCL-PANIPAT, HARYANA",1150,24-06-2023
August,2021,"IOCL-DIGBOI,ASSAM",56,24-06-2023
August,2021,"BPCL-KOCHI, KERALA",1087,24-06-2023
August,2021,"RIL,JAMNAGAR,GUJARAT",2873,24-06-2023
August,2021,"RIL-(SEZ), JAMNAGAR,GUJARAT",2237,24-06-2023
September,2021,"IOCL-KOYALI, GUJARAT",1005,24-06-2023
September,2021,"BPCL-KOCHI, KERALA",1338,24-06-2023
September,2021,BPCL-TOTAL,2874,24-06-2023
September,2021,"HPCL-MUMBAI,MAHARASHTRA",411,24-06-2023
September,2021,HPCL-TOTAL,2037,24-06-2023
September,2021,"RIL,JAMNAGAR,GUJARAT",2841,24-06-2023
October,2021,"IOCL-MATHURA, UTTAR PRADESH",854,24-06-2023
October,2021,"IOCL-GUWAHATI,ASSAM",93,24-06-2023
October,2021,"NRL-NUMALIGARH, ASSAM",254,24-06-2023
October,2021,"HPCL-VISAKH,ANDHRA PRADESH",853,24-06-2023
November,2021,"IOCL-GUWAHATI,ASSAM",83,24-06-2023
September,2020,"HMEL-GGSR, BATHINDA, PUNJAB",1016,24-06-2023
September,2020,RIL TOTAL,5009,24-06-2023
September,2020,"NEL-VADINAR,GUJARAT",1460,24-06-2023
October,2020,"ONGC-TATIPAKA,ANDHRA PRADESH",7,24-06-2023
October,2020,"HPCL-MUMBAI,MAHARASHTRA",496,24-06-2023
October,2020,"HPCL-VISAKH,ANDHRA PRADESH",793,24-06-2023
October,2020,"RIL,JAMNAGAR,GUJARAT",3023,24-06-2023
October,2020,RIL TOTAL,5464,24-06-2023
November,2020,BPCL-TOTAL,3409,24-06-2023
November,2020,"HPCL-MUMBAI,MAHARASHTRA",612,24-06-2023
November,2020,"HPCL-VISAKH,ANDHRA PRADESH",808,24-06-2023
November,2020,GRAND TOTAL,20782,24-06-2023
December,2020,"IOCL-BARAUNI,BIHAR",553,24-06-2023
December,2020,"IOCL-KOYALI, GUJARAT",1173,24-06-2023
December,2020,"IOCL-HALDIA, WEST BENGAL",709,24-06-2023
December,2020,"IOCL-PARADIP,ODISHA",977,24-06-2023
December,2020,"BPCL-MUMBAI, MAHARASHTRA",1200,24-06-2023
December,2020,"ONGC-TATIPAKA,ANDHRA PRADESH",7,24-06-2023
December,2020,"HPCL-MUMBAI,MAHARASHTRA",578,24-06-2023
December,2020,"HPCL-VISAKH,ANDHRA PRADESH",707,24-06-2023
December,2020,"NEL-VADINAR,GUJARAT",1544,24-06-2023
July,2022,"ONGC-TATIPAKA,ANDHRA PRADESH",4.98,24-06-2023
July,2022,"HPCL-MUMBAI,MAHARASHTRA",876.49,24-06-2023
August,2022,"ONGC-TATIPAKA,ANDHRA PRADESH",3.93,24-06-2023
August,2022,"MRPL-MANGALORE,KARNATAKA",1182.21,24-06-2023
August,2022,ONGC TOTAL,1186.14,24-06-2023
August,2022,"HPCL-MUMBAI,MAHARASHTRA",766.9,24-06-2023
August,2022,"RIL,JAMNAGAR,GUJARAT",3029.94,24-06-2023
August,2022,"RIL-(SEZ), JAMNAGAR,GUJARAT",2146.64,24-06-2023
August,2022,"NEL-VADINAR,GUJARAT",1750.8,24-06-2023
September,2022,"IOCL-KOYALI, GUJARAT",1270.87,24-06-2023
September,2022,"IOCL-HALDIA, WEST BENGAL",701.74,24-06-2023
September,2022,BPCL-TOTAL,3067.65,24-06-2023
September,2022,ONGC TOTAL,1336.44,24-06-2023
September,2022,"HPCL-VISAKH,ANDHRA PRADESH",814.04,24-06-2023
September,2022,"NEL-VADINAR,GUJARAT",1692.16,24-06-2023
October,2022,"IOCL-BONGAIGAON,ASSAM",254.15,24-06-2023
October,2022,"IOCL-PARADIP,ODISHA",1239.11,24-06-2023
October,2022,BPCL-TOTAL,2593.06,24-06-2023
October,2022,"NRL-NUMALIGARH, ASSAM",279.61,24-06-2023
October,2022,"NEL-VADINAR,GUJARAT",1716.96,24-06-2023
November,2022,"IOCL-KOYALI, GUJARAT",1254.26,24-06-2023
November,2022,"IOCL-HALDIA, WEST BENGAL",708.1,24-06-2023
November,2022,"BPCL-MUMBAI, MAHARASHTRA",1216.45,24-06-2023
November,2022,"BPCL-KOCHI, KERALA",1380.82,24-06-2023
November,2022,"NEL-VADINAR,GUJARAT",25.55,24-06-2023
November,2022,GRAND TOTAL,19580.02,24-06-2023
December,2022,"IOCL-MATHURA, UTTAR PRADESH",879.89,24-06-2023
December,2022,"IOCL-PANIPAT, HARYANA",890.41,24-06-2023
December,2022,"ONGC-TATIPAKA,ANDHRA PRADESH",6.46,24-06-2023
December,2022,RIL TOTAL,5307.9,24-06-2023
December,2022,GRAND TOTAL,22272.56,24-06-2023
January,2023,"IOCL-KOYALI, GUJARAT",1259.75,24-06-2023
January,2023,"IOCL-MATHURA, UTTAR PRADESH",805.76,24-06-2023
January,2023,"IOCL-DIGBOI,ASSAM",62.73,24-06-2023
January,2023,CPCL-TOTAL,990.3,24-06-2023
January,2023,"NRL-NUMALIGARH, ASSAM",284.05,24-06-2023
January,2023,"ONGC-TATIPAKA,ANDHRA PRADESH",6.57,24-06-2023
April,2021,"IOCL-DIGBOI,ASSAM",56,24-06-2023
June,2020,BORL-BINA,387,24-06-2023
June,2020,ONGC TOTAL,634,24-06-2023
June,2020,"HMEL-GGSR, BATHINDA, PUNJAB",785,24-06-2023
July,2020,"IOCL-BONGAIGAON,ASSAM",222,24-06-2023
July,2020,CPCL-TOTAL,724,24-06-2023
July,2020,"BPCL-KOCHI, KERALA",844,24-06-2023
July,2020,"ONGC-TATIPAKA,ANDHRA PRADESH",7,24-06-2023
July,2020,"HPCL-MUMBAI,MAHARASHTRA",637,24-06-2023
July,2020,"HPCL-VISAKH,ANDHRA PRADESH",718,24-06-2023
July,2020,HPCL-TOTAL,2390,24-06-2023
July,2020,"RIL,JAMNAGAR,GUJARAT",2830,24-06-2023
August,2020,"IOCL-BARAUNI,BIHAR",318,24-06-2023
August,2020,"IOCL-GUWAHATI,ASSAM",89,24-06-2023
August,2020,"IOCL-PARADIP,ODISHA",266,24-06-2023
August,2020,"BPCL-KOCHI, KERALA",936,24-06-2023
September,2020,"IOCL-PANIPAT, HARYANA",1025,24-06-2023
September,2020,"BPCL-MUMBAI, MAHARASHTRA",909,24-06-2023
September,2020,BORL-BINA,489,24-06-2023
September,2020,"NRL-NUMALIGARH, ASSAM",198,24-06-2023
April,2022,"IOCL-KOYALI, GUJARAT",1317.97,24-06-2023
April,2022,"IOCL-HALDIA, WEST BENGAL",706.39,24-06-2023
April,2022,"IOCL-GUWAHATI,ASSAM",89.86,24-06-2023
April,2022,IOCL TOTAL,6237.26,24-06-2023
April,2022,"BPCL-KOCHI, KERALA",1314.11,24-06-2023
April,2022,"NRL-NUMALIGARH, ASSAM",270.72,24-06-2023
April,2022,ONGC TOTAL,1487.02,24-06-2023
April,2022,"RIL,JAMNAGAR,GUJARAT",3034.27,24-06-2023
May,2022,"IOCL-MATHURA, UTTAR PRADESH",812.96,24-06-2023
May,2022,"IOCL-PANIPAT, HARYANA",1252.5,24-06-2023
May,2022,"IOCL-PARADIP,ODISHA",1362.51,24-06-2023
May,2022,BORL-BINA,675.73,24-06-2023
May,2022,BPCL-TOTAL,3364.13,24-06-2023
June,2022,"IOCL-HALDIA, WEST BENGAL",678.74,24-06-2023
June,2022,"ONGC-TATIPAKA,ANDHRA PRADESH",6.72,24-06-2023
June,2022,"RIL-(SEZ), JAMNAGAR,GUJARAT",2408.11,24-06-2023
July,2022,"IOCL-BARAUNI,BIHAR",558.62,24-06-2023
November,2021,BPCL-TOTAL,3407,24-06-2023
November,2021,"HMEL-GGSR, BATHINDA, PUNJAB",1080,24-06-2023
November,2021,"RIL,JAMNAGAR,GUJARAT",2997,24-06-2023
November,2021,"NEL-VADINAR,GUJARAT",1688,24-06-2023
November,2021,GRAND TOTAL,21483,24-06-2023
December,2021,"IOCL-KOYALI, GUJARAT",1293,24-06-2023
December,2021,"IOCL-GUWAHATI,ASSAM",84,24-06-2023
December,2021,"IOCL-BONGAIGAON,ASSAM",206,24-06-2023
December,2021,CPCL-TOTAL,840,24-06-2023
December,2021,"NRL-NUMALIGARH, ASSAM",137,24-06-2023
December,2021,"ONGC-TATIPAKA,ANDHRA PRADESH",7,24-06-2023
December,2021,HPCL-TOTAL,2601,24-06-2023
December,2021,"RIL-(SEZ), JAMNAGAR,GUJARAT",2510,24-06-2023
January,2022,"IOCL-BARAUNI,BIHAR",619,24-06-2023
January,2022,IOCL TOTAL,5844,24-06-2023
January,2022,CPCL-TOTAL,915,24-06-2023
January,2022,"NRL-NUMALIGARH, ASSAM",272,24-06-2023
January,2022,"ONGC-TATIPAKA,ANDHRA PRADESH",7,24-06-2023
January,2022,"HMEL-GGSR, BATHINDA, PUNJAB",1100,24-06-2023
January,2021,"IOCL-KOYALI, GUJARAT",1187,24-06-2023
January,2021,"IOCL-HALDIA, WEST BENGAL",723,24-06-2023
January,2021,"IOCL-DIGBOI,ASSAM",58,24-06-2023
January,2021,"IOCL-BONGAIGAON,ASSAM",211,24-06-2023
January,2021,IOCL TOTAL,6278,24-06-2023
January,2021,BORL-BINA,694,24-06-2023
January,2021,RIL TOTAL,5564,24-06-2023
February,2021,"IOCL-BONGAIGAON,ASSAM",196,24-06-2023
February,2021,"IOCL-PARADIP,ODISHA",1164,24-06-2023
February,2021,"BPCL-KOCHI, KERALA",1410,24-06-2023
February,2021,"ONGC-TATIPAKA,ANDHRA PRADESH",7,24-06-2023
February,2021,"MRPL-MANGALORE,KARNATAKA",1297,24-06-2023
February,2021,"RIL,JAMNAGAR,GUJARAT",2664,24-06-2023
March,2021,"IOCL-HALDIA, WEST BENGAL",665,24-06-2023
March,2021,"IOCL-MATHURA, UTTAR PRADESH",853,24-06-2023
March,2021,"IOCL-GUWAHATI,ASSAM",89,24-06-2023
March,2021,"IOCL-PARADIP,ODISHA",1362,24-06-2023
March,2021,"MRPL-MANGALORE,KARNATAKA",1361,24-06-2023
March,2021,"HPCL-MUMBAI,MAHARASHTRA",715,24-06-2023
March,2021,HPCL-TOTAL,2606,24-06-2023
March,2021,GRAND TOTAL,20985,24-06-2023
April,2021,BORL-BINA,648,24-06-2023
May,2021,CPCL-TOTAL,629,24-06-2023
May,2021,"BPCL-MUMBAI, MAHARASHTRA",1172,24-06-2023
May,2021,"BPCL-KOCHI, KERALA",910,24-06-2023
May,2021,BPCL-TOTAL,2601,24-06-2023
May,2021,"NRL-NUMALIGARH, ASSAM",226,24-06-2023
May,2021,"MRPL-MANGALORE,KARNATAKA",961,24-06-2023
May,2021,ONGC TOTAL,968,24-06-2023
June,2021,"IOCL-DIGBOI,ASSAM",59,24-06-2023
June,2021,"IOCL-BONGAIGAON,ASSAM",233,24-06-2023
June,2021,"IOCL-PARADIP,ODISHA",1034,24-06-2023
June,2021,CPCL-TOTAL,646,24-06-2023
June,2021,BPCL-TOTAL,2471,24-06-2023
June,2021,ONGC TOTAL,1015,24-06-2023
June,2021,"HPCL-VISAKH,ANDHRA PRADESH",481,24-06-2023
July,2021,"IOCL-KOYALI, GUJARAT",1102,24-06-2023
July,2021,"IOCL-HALDIA, WEST BENGAL",644,24-06-2023
July,2021,"IOCL-PANIPAT, HARYANA",1343,24-06-2023
July,2021,"HPCL-VISAKH,ANDHRA PRADESH",480,24-06-2023
February,2022,HPCL-TOTAL,2519,24-06-2023
February,2022,GRAND TOTAL,20443,24-06-2023
March,2022,"IOCL-BARAUNI,BIHAR",596,24-06-2023
March,2022,BPCL-TOTAL,3493,24-06-2023
March,2022,"HPCL-MUMBAI,MAHARASHTRA",711,24-06-2023
April,2020,"IOCL-BARAUNI,BIHAR",247,24-06-2023
April,2020,"IOCL-MATHURA, UTTAR PRADESH",506,24-06-2023
April,2020,"IOCL-DIGBOI,ASSAM",54,24-06-2023
April,2020,"IOCL-BONGAIGAON,ASSAM",174,24-06-2023
April,2020,"MRPL-MANGALORE,KARNATAKA",671,24-06-2023
April,2020,"HPCL-VISAKH,ANDHRA PRADESH",774,24-06-2023
April,2020,"RIL,JAMNAGAR,GUJARAT",2792,24-06-2023
April,2020,GRAND TOTAL,14745,24-06-2023
May,2020,"IOCL-HALDIA, WEST BENGAL",319,24-06-2023
May,2020,CPCL-TOTAL,441,24-06-2023
May,2020,BORL-BINA,440,24-06-2023
